match_id,round,user_id,user,home_team,away_team,predicted_home_goals,predicted_away_goals
M1,16,U0034,AA AA,Liverpool,Brighton,2,1
M2,16,U0034,AA AA,Chelsea,Everton,1,0
M3,16,U0034,AA AA,Burnley,Fulham,0,0
M4,16,U0034,AA AA,Arsenal,Wolverhampton,2,0
M5,16,U0034,AA AA,Crystal Palace,Manchester City,1,2
M6,16,U0034,AA AA,Nottingham Forest,Tottenham,2,1
M7,16,U0034,AA AA,West Ham,Aston Villa,1,0
M8,16,U0034,AA AA,Sunderland,Newcastle,2,1
M9,16,U0034,AA AA,Brentford,Leeds,1,1
M10,16,U0034,AA AA,Manchester United,Bournemouth,2,1
M1,16,U0018,Yaroslav,Liverpool,Brighton,2,1
M2,16,U0018,Yaroslav,Chelsea,Everton,2,1
M3,16,U0018,Yaroslav,Burnley,Fulham,1,2
M4,16,U0018,Yaroslav,Arsenal,Wolverhampton,2,1
M5,16,U0018,Yaroslav,Crystal Palace,Manchester City,1,2
M6,16,U0018,Yaroslav,Nottingham Forest,Tottenham,1,2
M7,16,U0018,Yaroslav,West Ham,Aston Villa,1,2
M8,16,U0018,Yaroslav,Sunderland,Newcastle,1,2
M9,16,U0018,Yaroslav,Brentford,Leeds,2,1
M10,16,U0018,Yaroslav,Manchester United,Bournemouth,2,1
M1,16,U0015,Alex,Liverpool,Brighton,1,1
M2,16,U0015,Alex,Chelsea,Everton,1,1
M3,16,U0015,Alex,Burnley,Fulham,0,2
M4,16,U0015,Alex,Arsenal,Wolverhampton,2,0
M5,16,U0015,Alex,Crystal Palace,Manchester City,2,2
M6,16,U0015,Alex,Nottingham Forest,Tottenham,0,1
M7,16,U0015,Alex,West Ham,Aston Villa,0,3
M8,16,U0015,Alex,Sunderland,Newcastle,0,0
M9,16,U0015,Alex,Brentford,Leeds,3,1
M10,16,U0015,Alex,Manchester United,Bournemouth,1,2
M1,16,U0047,Hycha Bogdan,Liverpool,Brighton,2,0
M2,16,U0047,Hycha Bogdan,Chelsea,Everton,1,1
M3,16,U0047,Hycha Bogdan,Burnley,Fulham,1,2
M4,16,U0047,Hycha Bogdan,Arsenal,Wolverhampton,3,0
M5,16,U0047,Hycha Bogdan,Crystal Palace,Manchester City,1,2
M6,16,U0047,Hycha Bogdan,Nottingham Forest,Tottenham,1,1
M7,16,U0047,Hycha Bogdan,West Ham,Aston Villa,2,0
M8,16,U0047,Hycha Bogdan,Sunderland,Newcastle,1,0
M9,16,U0047,Hycha Bogdan,Brentford,Leeds,1,1
M10,16,U0047,Hycha Bogdan,Manchester United,Bournemouth,2,1
M1,16,U0002,Sheva,Liverpool,Brighton,3,1
M2,16,U0002,Sheva,Chelsea,Everton,2,0
M3,16,U0002,Sheva,Burnley,Fulham,1,1
M4,16,U0002,Sheva,Arsenal,Wolverhampton,3,0
M5,16,U0002,Sheva,Crystal Palace,Manchester City,1,2
M6,16,U0002,Sheva,Nottingham Forest,Tottenham,1,1
M7,16,U0002,Sheva,West Ham,Aston Villa,0,1
M8,16,U0002,Sheva,Sunderland,Newcastle,1,2
M9,16,U0002,Sheva,Brentford,Leeds,2,1
M10,16,U0002,Sheva,Manchester United,Bournemouth,1,0
M1,16,U0017,–°–≤—ñ—Ç–ª–∞–Ω–∞ –ü–µ—Ç—É—Ö,Liverpool,Brighton,2,1
M2,16,U0017,–°–≤—ñ—Ç–ª–∞–Ω–∞ –ü–µ—Ç—É—Ö,Chelsea,Everton,2,1
M3,16,U0017,–°–≤—ñ—Ç–ª–∞–Ω–∞ –ü–µ—Ç—É—Ö,Burnley,Fulham,1,3
M4,16,U0017,–°–≤—ñ—Ç–ª–∞–Ω–∞ –ü–µ—Ç—É—Ö,Arsenal,Wolverhampton,3,0
M5,16,U0017,–°–≤—ñ—Ç–ª–∞–Ω–∞ –ü–µ—Ç—É—Ö,Crystal Palace,Manchester City,1,2
M6,16,U0017,–°–≤—ñ—Ç–ª–∞–Ω–∞ –ü–µ—Ç—É—Ö,Nottingham Forest,Tottenham,1,2
M7,16,U0017,–°–≤—ñ—Ç–ª–∞–Ω–∞ –ü–µ—Ç—É—Ö,West Ham,Aston Villa,1,3
M8,16,U0017,–°–≤—ñ—Ç–ª–∞–Ω–∞ –ü–µ—Ç—É—Ö,Sunderland,Newcastle,1,2
M9,16,U0017,–°–≤—ñ—Ç–ª–∞–Ω–∞ –ü–µ—Ç—É—Ö,Brentford,Leeds,1,1
M10,16,U0017,–°–≤—ñ—Ç–ª–∞–Ω–∞ –ü–µ—Ç—É—Ö,Manchester United,Bournemouth,2,1
M1,16,U0075,–í–ª–∞–¥,Liverpool,Brighton,2,0
M2,16,U0075,–í–ª–∞–¥,Chelsea,Everton,2,0
M3,16,U0075,–í–ª–∞–¥,Burnley,Fulham,0,1
M4,16,U0075,–í–ª–∞–¥,Arsenal,Wolverhampton,2,0
M5,16,U0075,–í–ª–∞–¥,Crystal Palace,Manchester City,1,3
M6,16,U0075,–í–ª–∞–¥,Nottingham Forest,Tottenham,2,1
M7,16,U0075,–í–ª–∞–¥,West Ham,Aston Villa,1,2
M8,16,U0075,–í–ª–∞–¥,Sunderland,Newcastle,0,2
M9,16,U0075,–í–ª–∞–¥,Brentford,Leeds,2,1
M10,16,U0075,–í–ª–∞–¥,Manchester United,Bournemouth,2,0
M1,16,U0068,Kostritsa Bogdan,Liverpool,Brighton,2,1
M2,16,U0068,Kostritsa Bogdan,Chelsea,Everton,1,2
M3,16,U0068,Kostritsa Bogdan,Burnley,Fulham,2,1
M4,16,U0068,Kostritsa Bogdan,Arsenal,Wolverhampton,5,0
M5,16,U0068,Kostritsa Bogdan,Crystal Palace,Manchester City,0,1
M6,16,U0068,Kostritsa Bogdan,Nottingham Forest,Tottenham,2,1
M7,16,U0068,Kostritsa Bogdan,West Ham,Aston Villa,0,2
M8,16,U0068,Kostritsa Bogdan,Sunderland,Newcastle,1,1
M9,16,U0068,Kostritsa Bogdan,Brentford,Leeds,2,1
M10,16,U0068,Kostritsa Bogdan,Manchester United,Bournemouth,0,0
M1,16,U0204,–Æ—Ä—ñ–π,Liverpool,Brighton,2,1
M2,16,U0204,–Æ—Ä—ñ–π,Chelsea,Everton,3,1
M3,16,U0204,–Æ—Ä—ñ–π,Burnley,Fulham,0,2
M4,16,U0204,–Æ—Ä—ñ–π,Arsenal,Wolverhampton,4,0
M5,16,U0204,–Æ—Ä—ñ–π,Crystal Palace,Manchester City,1,3
M6,16,U0204,–Æ—Ä—ñ–π,Nottingham Forest,Tottenham,1,2
M7,16,U0204,–Æ—Ä—ñ–π,West Ham,Aston Villa,1,3
M8,16,U0204,–Æ—Ä—ñ–π,Sunderland,Newcastle,2,1
M9,16,U0204,–Æ—Ä—ñ–π,Brentford,Leeds,2,0
M10,16,U0204,–Æ—Ä—ñ–π,Manchester United,Bournemouth,3,1
M1,16,U0051,–í–∞–ª–µ–Ω—Ç–∏–Ω–∞,Liverpool,Brighton,2,0
M2,16,U0051,–í–∞–ª–µ–Ω—Ç–∏–Ω–∞,Chelsea,Everton,1,1
M3,16,U0051,–í–∞–ª–µ–Ω—Ç–∏–Ω–∞,Burnley,Fulham,1,2
M4,16,U0051,–í–∞–ª–µ–Ω—Ç–∏–Ω–∞,Arsenal,Wolverhampton,2,1
M5,16,U0051,–í–∞–ª–µ–Ω—Ç–∏–Ω–∞,Crystal Palace,Manchester City,1,3
M6,16,U0051,–í–∞–ª–µ–Ω—Ç–∏–Ω–∞,Nottingham Forest,Tottenham,1,2
M7,16,U0051,–í–∞–ª–µ–Ω—Ç–∏–Ω–∞,West Ham,Aston Villa,0,2
M8,16,U0051,–í–∞–ª–µ–Ω—Ç–∏–Ω–∞,Sunderland,Newcastle,1,2
M9,16,U0051,–í–∞–ª–µ–Ω—Ç–∏–Ω–∞,Brentford,Leeds,1,2
M10,16,U0051,–í–∞–ª–µ–Ω—Ç–∏–Ω–∞,Manchester United,Bournemouth,2,1
M1,16,U0081,–í–∏—Ç–∞–ª–∏–π –í–æ–ª–æ—à–∏–Ω,Liverpool,Brighton,3,1
M2,16,U0081,–í–∏—Ç–∞–ª–∏–π –í–æ–ª–æ—à–∏–Ω,Chelsea,Everton,2,1
M3,16,U0081,–í–∏—Ç–∞–ª–∏–π –í–æ–ª–æ—à–∏–Ω,Burnley,Fulham,1,3
M4,16,U0081,–í–∏—Ç–∞–ª–∏–π –í–æ–ª–æ—à–∏–Ω,Arsenal,Wolverhampton,5,0
M5,16,U0081,–í–∏—Ç–∞–ª–∏–π –í–æ–ª–æ—à–∏–Ω,Crystal Palace,Manchester City,1,3
M6,16,U0081,–í–∏—Ç–∞–ª–∏–π –í–æ–ª–æ—à–∏–Ω,Nottingham Forest,Tottenham,1,3
M7,16,U0081,–í–∏—Ç–∞–ª–∏–π –í–æ–ª–æ—à–∏–Ω,West Ham,Aston Villa,1,1
M8,16,U0081,–í–∏—Ç–∞–ª–∏–π –í–æ–ª–æ—à–∏–Ω,Sunderland,Newcastle,1,1
M9,16,U0081,–í–∏—Ç–∞–ª–∏–π –í–æ–ª–æ—à–∏–Ω,Brentford,Leeds,3,2
M10,16,U0081,–í–∏—Ç–∞–ª–∏–π –í–æ–ª–æ—à–∏–Ω,Manchester United,Bournemouth,4,2
M1,16,U0050,–í–æ–ª–æ–¥–∏–º–∏—Ä –ö–æ—Ä–∑–∞—á–µ–Ω–∫–æ,Liverpool,Brighton,2,1
M2,16,U0050,–í–æ–ª–æ–¥–∏–º–∏—Ä –ö–æ—Ä–∑–∞—á–µ–Ω–∫–æ,Chelsea,Everton,1,1
M3,16,U0050,–í–æ–ª–æ–¥–∏–º–∏—Ä –ö–æ—Ä–∑–∞—á–µ–Ω–∫–æ,Burnley,Fulham,1,2
M4,16,U0050,–í–æ–ª–æ–¥–∏–º–∏—Ä –ö–æ—Ä–∑–∞—á–µ–Ω–∫–æ,Arsenal,Wolverhampton,3,0
M5,16,U0050,–í–æ–ª–æ–¥–∏–º–∏—Ä –ö–æ—Ä–∑–∞—á–µ–Ω–∫–æ,Crystal Palace,Manchester City,1,2
M6,16,U0050,–í–æ–ª–æ–¥–∏–º–∏—Ä –ö–æ—Ä–∑–∞—á–µ–Ω–∫–æ,Nottingham Forest,Tottenham,1,2
M7,16,U0050,–í–æ–ª–æ–¥–∏–º–∏—Ä –ö–æ—Ä–∑–∞—á–µ–Ω–∫–æ,West Ham,Aston Villa,0,1
M8,16,U0050,–í–æ–ª–æ–¥–∏–º–∏—Ä –ö–æ—Ä–∑–∞—á–µ–Ω–∫–æ,Sunderland,Newcastle,1,2
M9,16,U0050,–í–æ–ª–æ–¥–∏–º–∏—Ä –ö–æ—Ä–∑–∞—á–µ–Ω–∫–æ,Brentford,Leeds,2,1
M10,16,U0050,–í–æ–ª–æ–¥–∏–º–∏—Ä –ö–æ—Ä–∑–∞—á–µ–Ω–∫–æ,Manchester United,Bournemouth,2,1
M1,16,U0005,–î–º–∏—Ç—Ä–æ –ö—É—à–Ω—ñ—Ä,Liverpool,Brighton,2,0
M2,16,U0005,–î–º–∏—Ç—Ä–æ –ö—É—à–Ω—ñ—Ä,Chelsea,Everton,3,1
M3,16,U0005,–î–º–∏—Ç—Ä–æ –ö—É—à–Ω—ñ—Ä,Burnley,Fulham,1,1
M4,16,U0005,–î–º–∏—Ç—Ä–æ –ö—É—à–Ω—ñ—Ä,Arsenal,Wolverhampton,2,0
M5,16,U0005,–î–º–∏—Ç—Ä–æ –ö—É—à–Ω—ñ—Ä,Crystal Palace,Manchester City,1,3
M6,16,U0005,–î–º–∏—Ç—Ä–æ –ö—É—à–Ω—ñ—Ä,Nottingham Forest,Tottenham,0,2
M7,16,U0005,–î–º–∏—Ç—Ä–æ –ö—É—à–Ω—ñ—Ä,West Ham,Aston Villa,3,1
M8,16,U0005,–î–º–∏—Ç—Ä–æ –ö—É—à–Ω—ñ—Ä,Sunderland,Newcastle,3,1
M9,16,U0005,–î–º–∏—Ç—Ä–æ –ö—É—à–Ω—ñ—Ä,Brentford,Leeds,2,0
M10,16,U0005,–î–º–∏—Ç—Ä–æ –ö—É—à–Ω—ñ—Ä,Manchester United,Bournemouth,1,3
M1,16,U0029,–†–æ–º–∞ –ù–∞–∑–∞—Ä—á—É–∫,Liverpool,Brighton,2,1
M2,16,U0029,–†–æ–º–∞ –ù–∞–∑–∞—Ä—á—É–∫,Chelsea,Everton,2,1
M3,16,U0029,–†–æ–º–∞ –ù–∞–∑–∞—Ä—á—É–∫,Burnley,Fulham,1,1
M4,16,U0029,–†–æ–º–∞ –ù–∞–∑–∞—Ä—á—É–∫,Arsenal,Wolverhampton,3,0
M5,16,U0029,–†–æ–º–∞ –ù–∞–∑–∞—Ä—á—É–∫,Crystal Palace,Manchester City,0,2
M6,16,U0029,–†–æ–º–∞ –ù–∞–∑–∞—Ä—á—É–∫,Nottingham Forest,Tottenham,1,2
M7,16,U0029,–†–æ–º–∞ –ù–∞–∑–∞—Ä—á—É–∫,West Ham,Aston Villa,1,2
M8,16,U0029,–†–æ–º–∞ –ù–∞–∑–∞—Ä—á—É–∫,Sunderland,Newcastle,3,2
M9,16,U0029,–†–æ–º–∞ –ù–∞–∑–∞—Ä—á—É–∫,Brentford,Leeds,1,0
M10,16,U0029,–†–æ–º–∞ –ù–∞–∑–∞—Ä—á—É–∫,Manchester United,Bournemouth,2,1
M1,16,U0078,Nazar,Liverpool,Brighton,2,1
M2,16,U0078,Nazar,Chelsea,Everton,2,0
M3,16,U0078,Nazar,Burnley,Fulham,1,2
M4,16,U0078,Nazar,Arsenal,Wolverhampton,3,0
M5,16,U0078,Nazar,Crystal Palace,Manchester City,0,2
M6,16,U0078,Nazar,Nottingham Forest,Tottenham,1,1
M7,16,U0078,Nazar,West Ham,Aston Villa,1,2
M8,16,U0078,Nazar,Sunderland,Newcastle,1,1
M9,16,U0078,Nazar,Brentford,Leeds,1,0
M10,16,U0078,Nazar,Manchester United,Bournemouth,2,0
M1,16,U0053,U0053,Liverpool,Brighton,2,1
M2,16,U0053,U0053,Chelsea,Everton,1,0
M3,16,U0053,U0053,Burnley,Fulham,0,1
M4,16,U0053,U0053,Arsenal,Wolverhampton,2,0
M5,16,U0053,U0053,Crystal Palace,Manchester City,2,3
M6,16,U0053,U0053,Nottingham Forest,Tottenham,1,2
M7,16,U0053,U0053,West Ham,Aston Villa,1,2
M8,16,U0053,U0053,Sunderland,Newcastle,0,1
M9,16,U0053,U0053,Brentford,Leeds,2,0
M10,16,U0053,U0053,Manchester United,Bournemouth,2,0
M1,16,U0115,–ê–Ω–¥—Ä—ñ–π –Ø–∫–æ–≤—ñ–≤,Liverpool,Brighton,1,2
M2,16,U0115,–ê–Ω–¥—Ä—ñ–π –Ø–∫–æ–≤—ñ–≤,Chelsea,Everton,3,1
M3,16,U0115,–ê–Ω–¥—Ä—ñ–π –Ø–∫–æ–≤—ñ–≤,Burnley,Fulham,0,1
M4,16,U0115,–ê–Ω–¥—Ä—ñ–π –Ø–∫–æ–≤—ñ–≤,Arsenal,Wolverhampton,2,0
M5,16,U0115,–ê–Ω–¥—Ä—ñ–π –Ø–∫–æ–≤—ñ–≤,Crystal Palace,Manchester City,1,3
M6,16,U0115,–ê–Ω–¥—Ä—ñ–π –Ø–∫–æ–≤—ñ–≤,Nottingham Forest,Tottenham,1,1
M7,16,U0115,–ê–Ω–¥—Ä—ñ–π –Ø–∫–æ–≤—ñ–≤,West Ham,Aston Villa,0,2
M8,16,U0115,–ê–Ω–¥—Ä—ñ–π –Ø–∫–æ–≤—ñ–≤,Sunderland,Newcastle,1,1
M9,16,U0115,–ê–Ω–¥—Ä—ñ–π –Ø–∫–æ–≤—ñ–≤,Brentford,Leeds,2,1
M10,16,U0115,–ê–Ω–¥—Ä—ñ–π –Ø–∫–æ–≤—ñ–≤,Manchester United,Bournemouth,1,1
M1,16,U0038,TSE,Liverpool,Brighton,2,0
M2,16,U0038,TSE,Chelsea,Everton,2,1
M3,16,U0038,TSE,Burnley,Fulham,0,0
M4,16,U0038,TSE,Arsenal,Wolverhampton,3,0
M5,16,U0038,TSE,Crystal Palace,Manchester City,1,2
M6,16,U0038,TSE,Nottingham Forest,Tottenham,2,1
M7,16,U0038,TSE,West Ham,Aston Villa,0,2
M8,16,U0038,TSE,Sunderland,Newcastle,1,1
M9,16,U0038,TSE,Brentford,Leeds,0,0
M10,16,U0038,TSE,Manchester United,Bournemouth,2,0
M1,16,U0031,Sergio,Liverpool,Brighton,2,0
M2,16,U0031,Sergio,Chelsea,Everton,2,1
M3,16,U0031,Sergio,Burnley,Fulham,0,1
M4,16,U0031,Sergio,Arsenal,Wolverhampton,3,0
M5,16,U0031,Sergio,Crystal Palace,Manchester City,1,3
M6,16,U0031,Sergio,Nottingham Forest,Tottenham,1,1
M7,16,U0031,Sergio,West Ham,Aston Villa,1,2
M8,16,U0031,Sergio,Sunderland,Newcastle,0,2
M9,16,U0031,Sergio,Brentford,Leeds,2,1
M10,16,U0031,Sergio,Manchester United,Bournemouth,3,1
M1,16,U0127,ProD1m41kSto,Liverpool,Brighton,2,1
M2,16,U0127,ProD1m41kSto,Chelsea,Everton,3,0
M3,16,U0127,ProD1m41kSto,Burnley,Fulham,1,1
M4,16,U0127,ProD1m41kSto,Arsenal,Wolverhampton,4,0
M5,16,U0127,ProD1m41kSto,Crystal Palace,Manchester City,2,1
M6,16,U0127,ProD1m41kSto,Nottingham Forest,Tottenham,0,2
M7,16,U0127,ProD1m41kSto,West Ham,Aston Villa,2,2
M8,16,U0127,ProD1m41kSto,Sunderland,Newcastle,0,1
M9,16,U0127,ProD1m41kSto,Brentford,Leeds,2,0
M10,16,U0127,ProD1m41kSto,Manchester United,Bournemouth,2,1
M1,16,U0082,–í—ñ–∫—Ç–æ—Ä –õ.,Liverpool,Brighton,4,2
M2,16,U0082,–í—ñ–∫—Ç–æ—Ä –õ.,Chelsea,Everton,1,0
M3,16,U0082,–í—ñ–∫—Ç–æ—Ä –õ.,Burnley,Fulham,0,4
M4,16,U0082,–í—ñ–∫—Ç–æ—Ä –õ.,Arsenal,Wolverhampton,6,1
M5,16,U0082,–í—ñ–∫—Ç–æ—Ä –õ.,Crystal Palace,Manchester City,2,4
M6,16,U0082,–í—ñ–∫—Ç–æ—Ä –õ.,Nottingham Forest,Tottenham,1,1
M7,16,U0082,–í—ñ–∫—Ç–æ—Ä –õ.,West Ham,Aston Villa,0,2
M8,16,U0082,–í—ñ–∫—Ç–æ—Ä –õ.,Sunderland,Newcastle,1,1
M9,16,U0082,–í—ñ–∫—Ç–æ—Ä –õ.,Brentford,Leeds,1,0
M10,16,U0082,–í—ñ–∫—Ç–æ—Ä –õ.,Manchester United,Bournemouth,3,2
M1,16,U0032,–ê–Ω–∞—Ç–æ–ª–∏–π –ë–∞–±–∏—á,Liverpool,Brighton,2,0
M2,16,U0032,–ê–Ω–∞—Ç–æ–ª–∏–π –ë–∞–±–∏—á,Chelsea,Everton,2,1
M3,16,U0032,–ê–Ω–∞—Ç–æ–ª–∏–π –ë–∞–±–∏—á,Burnley,Fulham,1,2
M4,16,U0032,–ê–Ω–∞—Ç–æ–ª–∏–π –ë–∞–±–∏—á,Arsenal,Wolverhampton,3,1
M5,16,U0032,–ê–Ω–∞—Ç–æ–ª–∏–π –ë–∞–±–∏—á,Crystal Palace,Manchester City,1,2
M6,16,U0032,–ê–Ω–∞—Ç–æ–ª–∏–π –ë–∞–±–∏—á,Nottingham Forest,Tottenham,0,1
M7,16,U0032,–ê–Ω–∞—Ç–æ–ª–∏–π –ë–∞–±–∏—á,West Ham,Aston Villa,0,1
M8,16,U0032,–ê–Ω–∞—Ç–æ–ª–∏–π –ë–∞–±–∏—á,Sunderland,Newcastle,1,2
M9,16,U0032,–ê–Ω–∞—Ç–æ–ª–∏–π –ë–∞–±–∏—á,Brentford,Leeds,3,2
M10,16,U0032,–ê–Ω–∞—Ç–æ–ª–∏–π –ë–∞–±–∏—á,Manchester United,Bournemouth,2,1
M1,16,U0014,–ê–Ω–¥—Ä—ñ–π,Liverpool,Brighton,1,0
M2,16,U0014,–ê–Ω–¥—Ä—ñ–π,Chelsea,Everton,2,1
M3,16,U0014,–ê–Ω–¥—Ä—ñ–π,Burnley,Fulham,0,0
M4,16,U0014,–ê–Ω–¥—Ä—ñ–π,Arsenal,Wolverhampton,3,0
M5,16,U0014,–ê–Ω–¥—Ä—ñ–π,Crystal Palace,Manchester City,2,2
M6,16,U0014,–ê–Ω–¥—Ä—ñ–π,Nottingham Forest,Tottenham,1,2
M7,16,U0014,–ê–Ω–¥—Ä—ñ–π,West Ham,Aston Villa,1,2
M8,16,U0014,–ê–Ω–¥—Ä—ñ–π,Sunderland,Newcastle,1,0
M9,16,U0014,–ê–Ω–¥—Ä—ñ–π,Brentford,Leeds,1,1
M10,16,U0014,–ê–Ω–¥—Ä—ñ–π,Manchester United,Bournemouth,1,0
M1,16,U0085,–õ–∏—Å–∏–π –ê—Ä—Ç–µ—Ç–∞,Liverpool,Brighton,2,1
M2,16,U0085,–õ–∏—Å–∏–π –ê—Ä—Ç–µ—Ç–∞,Chelsea,Everton,2,0
M3,16,U0085,–õ–∏—Å–∏–π –ê—Ä—Ç–µ—Ç–∞,Burnley,Fulham,1,3
M4,16,U0085,–õ–∏—Å–∏–π –ê—Ä—Ç–µ—Ç–∞,Arsenal,Wolverhampton,3,0
M5,16,U0085,–õ–∏—Å–∏–π –ê—Ä—Ç–µ—Ç–∞,Crystal Palace,Manchester City,1,3
M6,16,U0085,–õ–∏—Å–∏–π –ê—Ä—Ç–µ—Ç–∞,Nottingham Forest,Tottenham,2,2
M7,16,U0085,–õ–∏—Å–∏–π –ê—Ä—Ç–µ—Ç–∞,West Ham,Aston Villa,1,3
M8,16,U0085,–õ–∏—Å–∏–π –ê—Ä—Ç–µ—Ç–∞,Sunderland,Newcastle,2,3
M9,16,U0085,–õ–∏—Å–∏–π –ê—Ä—Ç–µ—Ç–∞,Brentford,Leeds,0,1
M10,16,U0085,–õ–∏—Å–∏–π –ê—Ä—Ç–µ—Ç–∞,Manchester United,Bournemouth,1,2
M1,16,U0076,Ilya,Liverpool,Brighton,2,0
M2,16,U0076,Ilya,Chelsea,Everton,2,0
M3,16,U0076,Ilya,Burnley,Fulham,0,1
M4,16,U0076,Ilya,Arsenal,Wolverhampton,3,0
M5,16,U0076,Ilya,Crystal Palace,Manchester City,1,2
M6,16,U0076,Ilya,Nottingham Forest,Tottenham,0,3
M7,16,U0076,Ilya,West Ham,Aston Villa,0,2
M8,16,U0076,Ilya,Sunderland,Newcastle,1,2
M9,16,U0076,Ilya,Brentford,Leeds,2,1
M10,16,U0076,Ilya,Manchester United,Bournemouth,2,0
M1,16,U0026,Yura,Liverpool,Brighton,3,1
M2,16,U0026,Yura,Chelsea,Everton,2,0
M3,16,U0026,Yura,Burnley,Fulham,1,2
M4,16,U0026,Yura,Arsenal,Wolverhampton,2,1
M5,16,U0026,Yura,Crystal Palace,Manchester City,0,3
M6,16,U0026,Yura,Nottingham Forest,Tottenham,1,1
M7,16,U0026,Yura,West Ham,Aston Villa,1,1
M8,16,U0026,Yura,Sunderland,Newcastle,0,2
M9,16,U0026,Yura,Brentford,Leeds,2,0
M10,16,U0026,Yura,Manchester United,Bournemouth,1,2
M1,16,U0111,–ï–≤–≥–µ–Ω–∏–π,Liverpool,Brighton,2,1
M2,16,U0111,–ï–≤–≥–µ–Ω–∏–π,Chelsea,Everton,2,0
M3,16,U0111,–ï–≤–≥–µ–Ω–∏–π,Burnley,Fulham,1,1
M4,16,U0111,–ï–≤–≥–µ–Ω–∏–π,Arsenal,Wolverhampton,2,0
M5,16,U0111,–ï–≤–≥–µ–Ω–∏–π,Crystal Palace,Manchester City,2,2
M6,16,U0111,–ï–≤–≥–µ–Ω–∏–π,Nottingham Forest,Tottenham,2,1
M7,16,U0111,–ï–≤–≥–µ–Ω–∏–π,West Ham,Aston Villa,1,2
M8,16,U0111,–ï–≤–≥–µ–Ω–∏–π,Sunderland,Newcastle,1,0
M9,16,U0111,–ï–≤–≥–µ–Ω–∏–π,Brentford,Leeds,1,1
M10,16,U0111,–ï–≤–≥–µ–Ω–∏–π,Manchester United,Bournemouth,0,3
M1,16,U0030,–õ–∞–∑–∏–∑ –î–∂—É–º–∞–µ–≤,Liverpool,Brighton,2,1
M2,16,U0030,–õ–∞–∑–∏–∑ –î–∂—É–º–∞–µ–≤,Chelsea,Everton,1,1
M3,16,U0030,–õ–∞–∑–∏–∑ –î–∂—É–º–∞–µ–≤,Burnley,Fulham,1,2
M4,16,U0030,–õ–∞–∑–∏–∑ –î–∂—É–º–∞–µ–≤,Arsenal,Wolverhampton,3,0
M5,16,U0030,–õ–∞–∑–∏–∑ –î–∂—É–º–∞–µ–≤,Crystal Palace,Manchester City,0,2
M6,16,U0030,–õ–∞–∑–∏–∑ –î–∂—É–º–∞–µ–≤,Nottingham Forest,Tottenham,2,2
M7,16,U0030,–õ–∞–∑–∏–∑ –î–∂—É–º–∞–µ–≤,West Ham,Aston Villa,1,2
M8,16,U0030,–õ–∞–∑–∏–∑ –î–∂—É–º–∞–µ–≤,Sunderland,Newcastle,1,1
M9,16,U0030,–õ–∞–∑–∏–∑ –î–∂—É–º–∞–µ–≤,Brentford,Leeds,2,1
M10,16,U0030,–õ–∞–∑–∏–∑ –î–∂—É–º–∞–µ–≤,Manchester United,Bournemouth,2,0
M1,16,U0028,Sasha L,Liverpool,Brighton,2,1
M2,16,U0028,Sasha L,Chelsea,Everton,1,0
M3,16,U0028,Sasha L,Burnley,Fulham,0,0
M4,16,U0028,Sasha L,Arsenal,Wolverhampton,3,0
M5,16,U0028,Sasha L,Crystal Palace,Manchester City,1,2
M6,16,U0028,Sasha L,Nottingham Forest,Tottenham,0,0
M7,16,U0028,Sasha L,West Ham,Aston Villa,1,2
M8,16,U0028,Sasha L,Sunderland,Newcastle,1,1
M9,16,U0028,Sasha L,Brentford,Leeds,2,1
M10,16,U0028,Sasha L,Manchester United,Bournemouth,2,0
M1,16,U0036,–ó–∞–π–∫–∞,Liverpool,Brighton,2,1
M2,16,U0036,–ó–∞–π–∫–∞,Chelsea,Everton,1,1
M3,16,U0036,–ó–∞–π–∫–∞,Burnley,Fulham,2,0
M4,16,U0036,–ó–∞–π–∫–∞,Arsenal,Wolverhampton,3,1
M5,16,U0036,–ó–∞–π–∫–∞,Crystal Palace,Manchester City,2,2
M6,16,U0036,–ó–∞–π–∫–∞,Nottingham Forest,Tottenham,1,2
M7,16,U0036,–ó–∞–π–∫–∞,West Ham,Aston Villa,3,0
M8,16,U0036,–ó–∞–π–∫–∞,Sunderland,Newcastle,2,1
M9,16,U0036,–ó–∞–π–∫–∞,Brentford,Leeds,2,4
M10,16,U0036,–ó–∞–π–∫–∞,Manchester United,Bournemouth,2,1
M1,16,U0021,–°—Ç–µ—Ñ–∞–Ω–æ –ë–∞–Ω–¥–µ—Ä–∞—Å,Liverpool,Brighton,3,0
M2,16,U0021,–°—Ç–µ—Ñ–∞–Ω–æ –ë–∞–Ω–¥–µ—Ä–∞—Å,Chelsea,Everton,2,0
M3,16,U0021,–°—Ç–µ—Ñ–∞–Ω–æ –ë–∞–Ω–¥–µ—Ä–∞—Å,Burnley,Fulham,1,0
M4,16,U0021,–°—Ç–µ—Ñ–∞–Ω–æ –ë–∞–Ω–¥–µ—Ä–∞—Å,Arsenal,Wolverhampton,3,0
M5,16,U0021,–°—Ç–µ—Ñ–∞–Ω–æ –ë–∞–Ω–¥–µ—Ä–∞—Å,Crystal Palace,Manchester City,2,1
M6,16,U0021,–°—Ç–µ—Ñ–∞–Ω–æ –ë–∞–Ω–¥–µ—Ä–∞—Å,Nottingham Forest,Tottenham,1,2
M7,16,U0021,–°—Ç–µ—Ñ–∞–Ω–æ –ë–∞–Ω–¥–µ—Ä–∞—Å,West Ham,Aston Villa,0,1
M8,16,U0021,–°—Ç–µ—Ñ–∞–Ω–æ –ë–∞–Ω–¥–µ—Ä–∞—Å,Sunderland,Newcastle,1,2
M9,16,U0021,–°—Ç–µ—Ñ–∞–Ω–æ –ë–∞–Ω–¥–µ—Ä–∞—Å,Brentford,Leeds,2,0
M10,16,U0021,–°—Ç–µ—Ñ–∞–Ω–æ –ë–∞–Ω–¥–µ—Ä–∞—Å,Manchester United,Bournemouth,3,0
M1,16,U0033,SoloWay,Liverpool,Brighton,2,1
M2,16,U0033,SoloWay,Chelsea,Everton,2,1
M3,16,U0033,SoloWay,Burnley,Fulham,2,1
M4,16,U0033,SoloWay,Arsenal,Wolverhampton,3,0
M5,16,U0033,SoloWay,Crystal Palace,Manchester City,1,1
M6,16,U0033,SoloWay,Nottingham Forest,Tottenham,2,1
M7,16,U0033,SoloWay,West Ham,Aston Villa,1,0
M8,16,U0033,SoloWay,Sunderland,Newcastle,0,1
M9,16,U0033,SoloWay,Brentford,Leeds,1,2
M10,16,U0033,SoloWay,Manchester United,Bournemouth,2,1
M1,16,U0037,Yaroslav Sokhan,Liverpool,Brighton,2,0
M2,16,U0037,Yaroslav Sokhan,Chelsea,Everton,2,1
M3,16,U0037,Yaroslav Sokhan,Burnley,Fulham,1,2
M4,16,U0037,Yaroslav Sokhan,Arsenal,Wolverhampton,2,0
M5,16,U0037,Yaroslav Sokhan,Crystal Palace,Manchester City,1,3
M6,16,U0037,Yaroslav Sokhan,Nottingham Forest,Tottenham,1,2
M7,16,U0037,Yaroslav Sokhan,West Ham,Aston Villa,0,2
M8,16,U0037,Yaroslav Sokhan,Sunderland,Newcastle,1,1
M9,16,U0037,Yaroslav Sokhan,Brentford,Leeds,2,1
M10,16,U0037,Yaroslav Sokhan,Manchester United,Bournemouth,2,1
M1,16,U0011,–í–æ–ª–æ–¥–∏–º–∏—Ä:),Liverpool,Brighton,2,1
M2,16,U0011,–í–æ–ª–æ–¥–∏–º–∏—Ä:),Chelsea,Everton,2,1
M3,16,U0011,–í–æ–ª–æ–¥–∏–º–∏—Ä:),Burnley,Fulham,0,1
M4,16,U0011,–í–æ–ª–æ–¥–∏–º–∏—Ä:),Arsenal,Wolverhampton,3,0
M5,16,U0011,–í–æ–ª–æ–¥–∏–º–∏—Ä:),Crystal Palace,Manchester City,1,2
M6,16,U0011,–í–æ–ª–æ–¥–∏–º–∏—Ä:),Nottingham Forest,Tottenham,1,2
M7,16,U0011,–í–æ–ª–æ–¥–∏–º–∏—Ä:),West Ham,Aston Villa,1,2
M8,16,U0011,–í–æ–ª–æ–¥–∏–º–∏—Ä:),Sunderland,Newcastle,1,1
M9,16,U0011,–í–æ–ª–æ–¥–∏–º–∏—Ä:),Brentford,Leeds,1,0
M10,16,U0011,–í–æ–ª–æ–¥–∏–º–∏—Ä:),Manchester United,Bournemouth,1,0
M1,16,U0083,–ë–æ–≥–¥–∞–Ω –î.,Liverpool,Brighton,0,2
M2,16,U0083,–ë–æ–≥–¥–∞–Ω –î.,Chelsea,Everton,2,2
M3,16,U0083,–ë–æ–≥–¥–∞–Ω –î.,Burnley,Fulham,1,0
M4,16,U0083,–ë–æ–≥–¥–∞–Ω –î.,Arsenal,Wolverhampton,4,0
M5,16,U0083,–ë–æ–≥–¥–∞–Ω –î.,Crystal Palace,Manchester City,1,4
M6,16,U0083,–ë–æ–≥–¥–∞–Ω –î.,Nottingham Forest,Tottenham,1,2
M7,16,U0083,–ë–æ–≥–¥–∞–Ω –î.,West Ham,Aston Villa,0,2
M8,16,U0083,–ë–æ–≥–¥–∞–Ω –î.,Sunderland,Newcastle,1,2
M9,16,U0083,–ë–æ–≥–¥–∞–Ω –î.,Brentford,Leeds,1,0
M10,16,U0083,–ë–æ–≥–¥–∞–Ω –î.,Manchester United,Bournemouth,1,3
M1,16,U0131,adm M,Liverpool,Brighton,1,1
M2,16,U0131,adm M,Chelsea,Everton,2,1
M3,16,U0131,adm M,Burnley,Fulham,0,1
M4,16,U0131,adm M,Arsenal,Wolverhampton,3,0
M5,16,U0131,adm M,Crystal Palace,Manchester City,2,3
M6,16,U0131,adm M,Nottingham Forest,Tottenham,2,1
M7,16,U0131,adm M,West Ham,Aston Villa,1,2
M8,16,U0131,adm M,Sunderland,Newcastle,0,1
M9,16,U0131,adm M,Brentford,Leeds,1,0
M10,16,U0131,adm M,Manchester United,Bournemouth,2,0
M1,16,U0025,Vladyslav,Liverpool,Brighton,1,0
M2,16,U0025,Vladyslav,Chelsea,Everton,1,1
M3,16,U0025,Vladyslav,Burnley,Fulham,1,1
M4,16,U0025,Vladyslav,Arsenal,Wolverhampton,2,0
M5,16,U0025,Vladyslav,Crystal Palace,Manchester City,2,3
M6,16,U0025,Vladyslav,Nottingham Forest,Tottenham,1,2
M7,16,U0025,Vladyslav,West Ham,Aston Villa,1,1
M8,16,U0025,Vladyslav,Sunderland,Newcastle,2,1
M9,16,U0025,Vladyslav,Brentford,Leeds,1,0
M10,16,U0025,Vladyslav,Manchester United,Bournemouth,2,0
M1,16,U0004,–û–ª–µ–∫—Å–∞–Ω–¥—Ä –ú—ó—Ö–Ω–æ,Liverpool,Brighton,2,0
M2,16,U0004,–û–ª–µ–∫—Å–∞–Ω–¥—Ä –ú—ó—Ö–Ω–æ,Chelsea,Everton,2,1
M3,16,U0004,–û–ª–µ–∫—Å–∞–Ω–¥—Ä –ú—ó—Ö–Ω–æ,Burnley,Fulham,0,1
M4,16,U0004,–û–ª–µ–∫—Å–∞–Ω–¥—Ä –ú—ó—Ö–Ω–æ,Arsenal,Wolverhampton,3,1
M5,16,U0004,–û–ª–µ–∫—Å–∞–Ω–¥—Ä –ú—ó—Ö–Ω–æ,Crystal Palace,Manchester City,1,3
M6,16,U0004,–û–ª–µ–∫—Å–∞–Ω–¥—Ä –ú—ó—Ö–Ω–æ,Nottingham Forest,Tottenham,1,2
M7,16,U0004,–û–ª–µ–∫—Å–∞–Ω–¥—Ä –ú—ó—Ö–Ω–æ,West Ham,Aston Villa,0,1
M8,16,U0004,–û–ª–µ–∫—Å–∞–Ω–¥—Ä –ú—ó—Ö–Ω–æ,Sunderland,Newcastle,1,2
M9,16,U0004,–û–ª–µ–∫—Å–∞–Ω–¥—Ä –ú—ó—Ö–Ω–æ,Brentford,Leeds,2,1
M10,16,U0004,–û–ª–µ–∫—Å–∞–Ω–¥—Ä –ú—ó—Ö–Ω–æ,Manchester United,Bournemouth,2,1
M1,16,U0058,Uri,Liverpool,Brighton,2,0
M2,16,U0058,Uri,Chelsea,Everton,1,1
M3,16,U0058,Uri,Burnley,Fulham,1,1
M4,16,U0058,Uri,Arsenal,Wolverhampton,4,0
M5,16,U0058,Uri,Crystal Palace,Manchester City,1,2
M6,16,U0058,Uri,Nottingham Forest,Tottenham,2,1
M7,16,U0058,Uri,West Ham,Aston Villa,1,2
M8,16,U0058,Uri,Sunderland,Newcastle,2,1
M9,16,U0058,Uri,Brentford,Leeds,1,0
M10,16,U0058,Uri,Manchester United,Bournemouth,2,1
M1,16,U0114,Maryna Suckhova,Liverpool,Brighton,2,1
M2,16,U0114,Maryna Suckhova,Chelsea,Everton,2,1
M3,16,U0114,Maryna Suckhova,Burnley,Fulham,0,2
M4,16,U0114,Maryna Suckhova,Arsenal,Wolverhampton,3,1
M5,16,U0114,Maryna Suckhova,Crystal Palace,Manchester City,1,3
M6,16,U0114,Maryna Suckhova,Nottingham Forest,Tottenham,1,2
M7,16,U0114,Maryna Suckhova,West Ham,Aston Villa,0,2
M8,16,U0114,Maryna Suckhova,Sunderland,Newcastle,1,3
M9,16,U0114,Maryna Suckhova,Brentford,Leeds,2,2
M10,16,U0114,Maryna Suckhova,Manchester United,Bournemouth,2,1
M1,16,U0010,49785 –î–º–∏—Ç—Ä–æ,Liverpool,Brighton,1,1
M2,16,U0010,49785 –î–º–∏—Ç—Ä–æ,Chelsea,Everton,2,0
M3,16,U0010,49785 –î–º–∏—Ç—Ä–æ,Burnley,Fulham,0,1
M4,16,U0010,49785 –î–º–∏—Ç—Ä–æ,Arsenal,Wolverhampton,3,0
M5,16,U0010,49785 –î–º–∏—Ç—Ä–æ,Crystal Palace,Manchester City,1,2
M6,16,U0010,49785 –î–º–∏—Ç—Ä–æ,Nottingham Forest,Tottenham,1,1
M7,16,U0010,49785 –î–º–∏—Ç—Ä–æ,West Ham,Aston Villa,1,1
M8,16,U0010,49785 –î–º–∏—Ç—Ä–æ,Sunderland,Newcastle,2,2
M9,16,U0010,49785 –î–º–∏—Ç—Ä–æ,Brentford,Leeds,1,1
M10,16,U0010,49785 –î–º–∏—Ç—Ä–æ,Manchester United,Bournemouth,2,1
M1,16,U0045,–ë–æ—Ä–∏—Å–ª–∞–≤,Liverpool,Brighton,2,1
M2,16,U0045,–ë–æ—Ä–∏—Å–ª–∞–≤,Chelsea,Everton,1,1
M3,16,U0045,–ë–æ—Ä–∏—Å–ª–∞–≤,Burnley,Fulham,0,2
M4,16,U0045,–ë–æ—Ä–∏—Å–ª–∞–≤,Arsenal,Wolverhampton,3,0
M5,16,U0045,–ë–æ—Ä–∏—Å–ª–∞–≤,Crystal Palace,Manchester City,1,3
M6,16,U0045,–ë–æ—Ä–∏—Å–ª–∞–≤,Nottingham Forest,Tottenham,1,1
M7,16,U0045,–ë–æ—Ä–∏—Å–ª–∞–≤,West Ham,Aston Villa,1,2
M8,16,U0045,–ë–æ—Ä–∏—Å–ª–∞–≤,Sunderland,Newcastle,1,1
M9,16,U0045,–ë–æ—Ä–∏—Å–ª–∞–≤,Brentford,Leeds,0,0
M10,16,U0045,–ë–æ—Ä–∏—Å–ª–∞–≤,Manchester United,Bournemouth,2,1
M1,16,U0046,–°–µ—Ä–≥—ñ–π –Ü–≤–∞—â—É–∫,Liverpool,Brighton,2,0
M2,16,U0046,–°–µ—Ä–≥—ñ–π –Ü–≤–∞—â—É–∫,Chelsea,Everton,2,0
M3,16,U0046,–°–µ—Ä–≥—ñ–π –Ü–≤–∞—â—É–∫,Burnley,Fulham,1,2
M4,16,U0046,–°–µ—Ä–≥—ñ–π –Ü–≤–∞—â—É–∫,Arsenal,Wolverhampton,3,0
M5,16,U0046,–°–µ—Ä–≥—ñ–π –Ü–≤–∞—â—É–∫,Crystal Palace,Manchester City,1,3
M6,16,U0046,–°–µ—Ä–≥—ñ–π –Ü–≤–∞—â—É–∫,Nottingham Forest,Tottenham,2,1
M7,16,U0046,–°–µ—Ä–≥—ñ–π –Ü–≤–∞—â—É–∫,West Ham,Aston Villa,1,3
M8,16,U0046,–°–µ—Ä–≥—ñ–π –Ü–≤–∞—â—É–∫,Sunderland,Newcastle,1,2
M9,16,U0046,–°–µ—Ä–≥—ñ–π –Ü–≤–∞—â—É–∫,Brentford,Leeds,2,1
M10,16,U0046,–°–µ—Ä–≥—ñ–π –Ü–≤–∞—â—É–∫,Manchester United,Bournemouth,2,1
M1,16,U0054,Kolya Kagarluk,Liverpool,Brighton,2,0
M2,16,U0054,Kolya Kagarluk,Chelsea,Everton,2,1
M3,16,U0054,Kolya Kagarluk,Burnley,Fulham,1,1
M4,16,U0054,Kolya Kagarluk,Arsenal,Wolverhampton,3,0
M5,16,U0054,Kolya Kagarluk,Crystal Palace,Manchester City,1,2
M6,16,U0054,Kolya Kagarluk,Nottingham Forest,Tottenham,2,2
M7,16,U0054,Kolya Kagarluk,West Ham,Aston Villa,1,2
M8,16,U0054,Kolya Kagarluk,Sunderland,Newcastle,2,1
M9,16,U0054,Kolya Kagarluk,Brentford,Leeds,2,0
M10,16,U0054,Kolya Kagarluk,Manchester United,Bournemouth,2,0
M1,16,U0023,ZeRo,Liverpool,Brighton,2,1
M2,16,U0023,ZeRo,Chelsea,Everton,1,1
M3,16,U0023,ZeRo,Burnley,Fulham,1,0
M4,16,U0023,ZeRo,Arsenal,Wolverhampton,4,0
M5,16,U0023,ZeRo,Crystal Palace,Manchester City,2,1
M6,16,U0023,ZeRo,Nottingham Forest,Tottenham,2,1
M7,16,U0023,ZeRo,West Ham,Aston Villa,1,2
M8,16,U0023,ZeRo,Sunderland,Newcastle,2,1
M9,16,U0023,ZeRo,Brentford,Leeds,3,1
M10,16,U0023,ZeRo,Manchester United,Bournemouth,2,1
M1,16,U0077,Artic,Liverpool,Brighton,2,1
M2,16,U0077,Artic,Chelsea,Everton,0,0
M3,16,U0077,Artic,Burnley,Fulham,1,2
M4,16,U0077,Artic,Arsenal,Wolverhampton,1,2
M5,16,U0077,Artic,Crystal Palace,Manchester City,1,3
M6,16,U0077,Artic,Nottingham Forest,Tottenham,2,2
M7,16,U0077,Artic,West Ham,Aston Villa,0,1
M8,16,U0077,Artic,Sunderland,Newcastle,1,2
M9,16,U0077,Artic,Brentford,Leeds,2,1
M10,16,U0077,Artic,Manchester United,Bournemouth,3,0
M1,16,U0066,–ê–ª–∏–∫ –•—É–¥–∏–Ω–µ—Ü,Liverpool,Brighton,2,1
M2,16,U0066,–ê–ª–∏–∫ –•—É–¥–∏–Ω–µ—Ü,Chelsea,Everton,2,2
M3,16,U0066,–ê–ª–∏–∫ –•—É–¥–∏–Ω–µ—Ü,Burnley,Fulham,0,2
M4,16,U0066,–ê–ª–∏–∫ –•—É–¥–∏–Ω–µ—Ü,Arsenal,Wolverhampton,4,0
M5,16,U0066,–ê–ª–∏–∫ –•—É–¥–∏–Ω–µ—Ü,Crystal Palace,Manchester City,1,3
M6,16,U0066,–ê–ª–∏–∫ –•—É–¥–∏–Ω–µ—Ü,Nottingham Forest,Tottenham,0,1
M7,16,U0066,–ê–ª–∏–∫ –•—É–¥–∏–Ω–µ—Ü,West Ham,Aston Villa,1,1
M8,16,U0066,–ê–ª–∏–∫ –•—É–¥–∏–Ω–µ—Ü,Sunderland,Newcastle,1,2
M9,16,U0066,–ê–ª–∏–∫ –•—É–¥–∏–Ω–µ—Ü,Brentford,Leeds,2,1
M10,16,U0066,–ê–ª–∏–∫ –•—É–¥–∏–Ω–µ—Ü,Manchester United,Bournemouth,2,2
M1,16,U0086,–î–µ–Ω–∏—Å (True),Liverpool,Brighton,1,2
M2,16,U0086,–î–µ–Ω–∏—Å (True),Chelsea,Everton,0,0
M3,16,U0086,–î–µ–Ω–∏—Å (True),Burnley,Fulham,1,2
M4,16,U0086,–î–µ–Ω–∏—Å (True),Arsenal,Wolverhampton,3,0
M5,16,U0086,–î–µ–Ω–∏—Å (True),Crystal Palace,Manchester City,0,3
M6,16,U0086,–î–µ–Ω–∏—Å (True),Nottingham Forest,Tottenham,1,1
M7,16,U0086,–î–µ–Ω–∏—Å (True),West Ham,Aston Villa,1,3
M8,16,U0086,–î–µ–Ω–∏—Å (True),Sunderland,Newcastle,2,2
M9,16,U0086,–î–µ–Ω–∏—Å (True),Brentford,Leeds,2,0
M10,16,U0086,–î–µ–Ω–∏—Å (True),Manchester United,Bournemouth,2,0
M1,16,U0055,–Ø–†–û–°–õ–ê–í,Liverpool,Brighton,2,1
M2,16,U0055,–Ø–†–û–°–õ–ê–í,Chelsea,Everton,2,1
M3,16,U0055,–Ø–†–û–°–õ–ê–í,Burnley,Fulham,2,1
M4,16,U0055,–Ø–†–û–°–õ–ê–í,Arsenal,Wolverhampton,3,1
M5,16,U0055,–Ø–†–û–°–õ–ê–í,Crystal Palace,Manchester City,2,1
M6,16,U0055,–Ø–†–û–°–õ–ê–í,Nottingham Forest,Tottenham,2,1
M7,16,U0055,–Ø–†–û–°–õ–ê–í,West Ham,Aston Villa,2,1
M8,16,U0055,–Ø–†–û–°–õ–ê–í,Sunderland,Newcastle,2,1
M9,16,U0055,–Ø–†–û–°–õ–ê–í,Brentford,Leeds,2,1
M10,16,U0055,–Ø–†–û–°–õ–ê–í,Manchester United,Bournemouth,2,1
M1,16,U0009,–û–ª–µ–∫—Å–∞–Ω–¥—Ä –ú–∏—Ä–≥–æ—Ä–æ–¥—Å—å–∫–∏–π,Liverpool,Brighton,2,1
M2,16,U0009,–û–ª–µ–∫—Å–∞–Ω–¥—Ä –ú–∏—Ä–≥–æ—Ä–æ–¥—Å—å–∫–∏–π,Chelsea,Everton,2,1
M3,16,U0009,–û–ª–µ–∫—Å–∞–Ω–¥—Ä –ú–∏—Ä–≥–æ—Ä–æ–¥—Å—å–∫–∏–π,Burnley,Fulham,1,2
M4,16,U0009,–û–ª–µ–∫—Å–∞–Ω–¥—Ä –ú–∏—Ä–≥–æ—Ä–æ–¥—Å—å–∫–∏–π,Arsenal,Wolverhampton,2,0
M5,16,U0009,–û–ª–µ–∫—Å–∞–Ω–¥—Ä –ú–∏—Ä–≥–æ—Ä–æ–¥—Å—å–∫–∏–π,Crystal Palace,Manchester City,1,2
M6,16,U0009,–û–ª–µ–∫—Å–∞–Ω–¥—Ä –ú–∏—Ä–≥–æ—Ä–æ–¥—Å—å–∫–∏–π,Nottingham Forest,Tottenham,1,1
M7,16,U0009,–û–ª–µ–∫—Å–∞–Ω–¥—Ä –ú–∏—Ä–≥–æ—Ä–æ–¥—Å—å–∫–∏–π,West Ham,Aston Villa,1,2
M8,16,U0009,–û–ª–µ–∫—Å–∞–Ω–¥—Ä –ú–∏—Ä–≥–æ—Ä–æ–¥—Å—å–∫–∏–π,Sunderland,Newcastle,1,2
M9,16,U0009,–û–ª–µ–∫—Å–∞–Ω–¥—Ä –ú–∏—Ä–≥–æ—Ä–æ–¥—Å—å–∫–∏–π,Brentford,Leeds,2,1
M10,16,U0009,–û–ª–µ–∫—Å–∞–Ω–¥—Ä –ú–∏—Ä–≥–æ—Ä–æ–¥—Å—å–∫–∏–π,Manchester United,Bournemouth,2,1
M1,16,U0113,–†–æ–º–∞–Ω –ì–∞—Ä–∞—Å–∏–º,Liverpool,Brighton,1,0
M2,16,U0113,–†–æ–º–∞–Ω –ì–∞—Ä–∞—Å–∏–º,Chelsea,Everton,2,0
M3,16,U0113,–†–æ–º–∞–Ω –ì–∞—Ä–∞—Å–∏–º,Burnley,Fulham,1,2
M4,16,U0113,–†–æ–º–∞–Ω –ì–∞—Ä–∞—Å–∏–º,Arsenal,Wolverhampton,3,0
M5,16,U0113,–†–æ–º–∞–Ω –ì–∞—Ä–∞—Å–∏–º,Crystal Palace,Manchester City,1,2
M6,16,U0113,–†–æ–º–∞–Ω –ì–∞—Ä–∞—Å–∏–º,Nottingham Forest,Tottenham,1,2
M7,16,U0113,–†–æ–º–∞–Ω –ì–∞—Ä–∞—Å–∏–º,West Ham,Aston Villa,0,2
M8,16,U0113,–†–æ–º–∞–Ω –ì–∞—Ä–∞—Å–∏–º,Sunderland,Newcastle,1,2
M9,16,U0113,–†–æ–º–∞–Ω –ì–∞—Ä–∞—Å–∏–º,Brentford,Leeds,2,1
M10,16,U0113,–†–æ–º–∞–Ω –ì–∞—Ä–∞—Å–∏–º,Manchester United,Bournemouth,1,1
M1,16,U0008,Oleksandr,Liverpool,Brighton,3,1
M2,16,U0008,Oleksandr,Chelsea,Everton,2,0
M3,16,U0008,Oleksandr,Burnley,Fulham,0,1
M4,16,U0008,Oleksandr,Arsenal,Wolverhampton,3,0
M5,16,U0008,Oleksandr,Crystal Palace,Manchester City,1,2
M6,16,U0008,Oleksandr,Nottingham Forest,Tottenham,1,2
M7,16,U0008,Oleksandr,West Ham,Aston Villa,1,2
M8,16,U0008,Oleksandr,Sunderland,Newcastle,1,1
M9,16,U0008,Oleksandr,Brentford,Leeds,3,1
M10,16,U0008,Oleksandr,Manchester United,Bournemouth,2,0
M1,16,U0067,–¢–∞—Ä–∞—Å,Liverpool,Brighton,2,1
M2,16,U0067,–¢–∞—Ä–∞—Å,Chelsea,Everton,1,1
M3,16,U0067,–¢–∞—Ä–∞—Å,Burnley,Fulham,1,2
M4,16,U0067,–¢–∞—Ä–∞—Å,Arsenal,Wolverhampton,3,0
M5,16,U0067,–¢–∞—Ä–∞—Å,Crystal Palace,Manchester City,1,2
M6,16,U0067,–¢–∞—Ä–∞—Å,Nottingham Forest,Tottenham,3,1
M7,16,U0067,–¢–∞—Ä–∞—Å,West Ham,Aston Villa,1,2
M8,16,U0067,–¢–∞—Ä–∞—Å,Sunderland,Newcastle,2,1
M10,16,U0067,–¢–∞—Ä–∞—Å,Manchester United,Bournemouth,4,1
M1,16,U0060,–ê–Ω—Ç–æ–Ω 7,Liverpool,Brighton,2,0
M2,16,U0060,–ê–Ω—Ç–æ–Ω 7,Chelsea,Everton,2,1
M3,16,U0060,–ê–Ω—Ç–æ–Ω 7,Burnley,Fulham,1,3
M4,16,U0060,–ê–Ω—Ç–æ–Ω 7,Arsenal,Wolverhampton,3,0
M5,16,U0060,–ê–Ω—Ç–æ–Ω 7,Crystal Palace,Manchester City,2,3
M6,16,U0060,–ê–Ω—Ç–æ–Ω 7,Nottingham Forest,Tottenham,0,2
M7,16,U0060,–ê–Ω—Ç–æ–Ω 7,West Ham,Aston Villa,1,4
M8,16,U0060,–ê–Ω—Ç–æ–Ω 7,Sunderland,Newcastle,1,0
M9,16,U0060,–ê–Ω—Ç–æ–Ω 7,Brentford,Leeds,3,0
M10,16,U0060,–ê–Ω—Ç–æ–Ω 7,Manchester United,Bournemouth,3,1
M1,16,U0048,–Ü–≥–æ—Ä –ì–∞–≤—Ä–∏–ª–µ—Ü—å,Liverpool,Brighton,1,1
M2,16,U0048,–Ü–≥–æ—Ä –ì–∞–≤—Ä–∏–ª–µ—Ü—å,Chelsea,Everton,0,0
M3,16,U0048,–Ü–≥–æ—Ä –ì–∞–≤—Ä–∏–ª–µ—Ü—å,Burnley,Fulham,3,1
M4,16,U0048,–Ü–≥–æ—Ä –ì–∞–≤—Ä–∏–ª–µ—Ü—å,Arsenal,Wolverhampton,4,0
M5,16,U0048,–Ü–≥–æ—Ä –ì–∞–≤—Ä–∏–ª–µ—Ü—å,Crystal Palace,Manchester City,3,2
M6,16,U0048,–Ü–≥–æ—Ä –ì–∞–≤—Ä–∏–ª–µ—Ü—å,Nottingham Forest,Tottenham,1,2
M7,16,U0048,–Ü–≥–æ—Ä –ì–∞–≤—Ä–∏–ª–µ—Ü—å,West Ham,Aston Villa,0,3
M8,16,U0048,–Ü–≥–æ—Ä –ì–∞–≤—Ä–∏–ª–µ—Ü—å,Sunderland,Newcastle,2,2
M9,16,U0048,–Ü–≥–æ—Ä –ì–∞–≤—Ä–∏–ª–µ—Ü—å,Brentford,Leeds,1,2
M10,16,U0048,–Ü–≥–æ—Ä –ì–∞–≤—Ä–∏–ª–µ—Ü—å,Manchester United,Bournemouth,3,1
M1,16,U0006,–î–æ–≤–≥–∞–Ω—å –í–∞–ª–µ–Ω—Ç–∏–Ω,Liverpool,Brighton,2,1
M2,16,U0006,–î–æ–≤–≥–∞–Ω—å –í–∞–ª–µ–Ω—Ç–∏–Ω,Chelsea,Everton,2,1
M3,16,U0006,–î–æ–≤–≥–∞–Ω—å –í–∞–ª–µ–Ω—Ç–∏–Ω,Burnley,Fulham,0,1
M4,16,U0006,–î–æ–≤–≥–∞–Ω—å –í–∞–ª–µ–Ω—Ç–∏–Ω,Arsenal,Wolverhampton,4,0
M5,16,U0006,–î–æ–≤–≥–∞–Ω—å –í–∞–ª–µ–Ω—Ç–∏–Ω,Crystal Palace,Manchester City,1,2
M6,16,U0006,–î–æ–≤–≥–∞–Ω—å –í–∞–ª–µ–Ω—Ç–∏–Ω,Nottingham Forest,Tottenham,1,1
M7,16,U0006,–î–æ–≤–≥–∞–Ω—å –í–∞–ª–µ–Ω—Ç–∏–Ω,West Ham,Aston Villa,0,2
M8,16,U0006,–î–æ–≤–≥–∞–Ω—å –í–∞–ª–µ–Ω—Ç–∏–Ω,Sunderland,Newcastle,1,0
M9,16,U0006,–î–æ–≤–≥–∞–Ω—å –í–∞–ª–µ–Ω—Ç–∏–Ω,Brentford,Leeds,2,1
M10,16,U0006,–î–æ–≤–≥–∞–Ω—å –í–∞–ª–µ–Ω—Ç–∏–Ω,Manchester United,Bournemouth,2,0
M1,16,U0062,Ruslan,Liverpool,Brighton,2,1
M2,16,U0062,Ruslan,Chelsea,Everton,2,1
M3,16,U0062,Ruslan,Burnley,Fulham,0,1
M4,16,U0062,Ruslan,Arsenal,Wolverhampton,2,0
M5,16,U0062,Ruslan,Crystal Palace,Manchester City,1,2
M6,16,U0062,Ruslan,Nottingham Forest,Tottenham,1,1
M7,16,U0062,Ruslan,West Ham,Aston Villa,0,1
M8,16,U0062,Ruslan,Sunderland,Newcastle,1,1
M9,16,U0062,Ruslan,Brentford,Leeds,1,1
M10,16,U0062,Ruslan,Manchester United,Bournemouth,1,1
M1,16,U0035,Marvel (Santa),Liverpool,Brighton,2,1
M2,16,U0035,Marvel (Santa),Chelsea,Everton,2,1
M3,16,U0035,Marvel (Santa),Burnley,Fulham,1,2
M4,16,U0035,Marvel (Santa),Arsenal,Wolverhampton,3,0
M5,16,U0035,Marvel (Santa),Crystal Palace,Manchester City,2,2
M6,16,U0035,Marvel (Santa),Nottingham Forest,Tottenham,1,2
M7,16,U0035,Marvel (Santa),West Ham,Aston Villa,1,1
M8,16,U0035,Marvel (Santa),Sunderland,Newcastle,2,2
M9,16,U0035,Marvel (Santa),Brentford,Leeds,1,0
M10,16,U0035,Marvel (Santa),Manchester United,Bournemouth,2,1
M1,16,U0041,–ö–æ–ª—è))),Liverpool,Brighton,2,0
M2,16,U0041,–ö–æ–ª—è))),Chelsea,Everton,3,1
M3,16,U0041,–ö–æ–ª—è))),Burnley,Fulham,1,1
M4,16,U0041,–ö–æ–ª—è))),Arsenal,Wolverhampton,2,1
M5,16,U0041,–ö–æ–ª—è))),Crystal Palace,Manchester City,1,2
M6,16,U0041,–ö–æ–ª—è))),Nottingham Forest,Tottenham,1,3
M7,16,U0041,–ö–æ–ª—è))),West Ham,Aston Villa,2,2
M8,16,U0041,–ö–æ–ª—è))),Sunderland,Newcastle,0,1
M9,16,U0041,–ö–æ–ª—è))),Brentford,Leeds,3,2
M10,16,U0041,–ö–æ–ª—è))),Manchester United,Bournemouth,2,1
M1,16,U0020,–ê–ª–µ–∫—Å–∞–Ω–¥—Ä 25,Liverpool,Brighton,2,1
M2,16,U0020,–ê–ª–µ–∫—Å–∞–Ω–¥—Ä 25,Chelsea,Everton,2,1
M3,16,U0020,–ê–ª–µ–∫—Å–∞–Ω–¥—Ä 25,Burnley,Fulham,0,1
M4,16,U0020,–ê–ª–µ–∫—Å–∞–Ω–¥—Ä 25,Arsenal,Wolverhampton,2,0
M5,16,U0020,–ê–ª–µ–∫—Å–∞–Ω–¥—Ä 25,Crystal Palace,Manchester City,1,2
M6,16,U0020,–ê–ª–µ–∫—Å–∞–Ω–¥—Ä 25,Nottingham Forest,Tottenham,1,1
M7,16,U0020,–ê–ª–µ–∫—Å–∞–Ω–¥—Ä 25,West Ham,Aston Villa,0,1
M8,16,U0020,–ê–ª–µ–∫—Å–∞–Ω–¥—Ä 25,Sunderland,Newcastle,0,1
M9,16,U0020,–ê–ª–µ–∫—Å–∞–Ω–¥—Ä 25,Brentford,Leeds,2,0
M10,16,U0020,–ê–ª–µ–∫—Å–∞–Ω–¥—Ä 25,Manchester United,Bournemouth,2,0
M1,16,U0087,–û–ª–µ–≥,Liverpool,Brighton,2,0
M2,16,U0087,–û–ª–µ–≥,Chelsea,Everton,3,1
M3,16,U0087,–û–ª–µ–≥,Burnley,Fulham,1,2
M4,16,U0087,–û–ª–µ–≥,Arsenal,Wolverhampton,4,0
M5,16,U0087,–û–ª–µ–≥,Crystal Palace,Manchester City,1,1
M6,16,U0087,–û–ª–µ–≥,Nottingham Forest,Tottenham,1,2
M7,16,U0087,–û–ª–µ–≥,West Ham,Aston Villa,0,2
M8,16,U0087,–û–ª–µ–≥,Sunderland,Newcastle,1,0
M9,16,U0087,–û–ª–µ–≥,Brentford,Leeds,1,1
M10,16,U0087,–û–ª–µ–≥,Manchester United,Bournemouth,3,0
M1,16,U0074,–î–º–∏—Ç—Ä–æ –•–ª–æ–Ω—å,Liverpool,Brighton,1,3
M2,16,U0074,–î–º–∏—Ç—Ä–æ –•–ª–æ–Ω—å,Chelsea,Everton,1,1
M3,16,U0074,–î–º–∏—Ç—Ä–æ –•–ª–æ–Ω—å,Burnley,Fulham,2,0
M4,16,U0074,–î–º–∏—Ç—Ä–æ –•–ª–æ–Ω—å,Arsenal,Wolverhampton,3,0
M5,16,U0074,–î–º–∏—Ç—Ä–æ –•–ª–æ–Ω—å,Crystal Palace,Manchester City,2,1
M6,16,U0074,–î–º–∏—Ç—Ä–æ –•–ª–æ–Ω—å,Nottingham Forest,Tottenham,2,2
M7,16,U0074,–î–º–∏—Ç—Ä–æ –•–ª–æ–Ω—å,West Ham,Aston Villa,0,4
M8,16,U0074,–î–º–∏—Ç—Ä–æ –•–ª–æ–Ω—å,Sunderland,Newcastle,2,2
M9,16,U0074,–î–º–∏—Ç—Ä–æ –•–ª–æ–Ω—å,Brentford,Leeds,2,4
M10,16,U0074,–î–º–∏—Ç—Ä–æ –•–ª–æ–Ω—å,Manchester United,Bournemouth,1,1
M1,16,U0056,U0056,Liverpool,Brighton,2,1
M2,16,U0056,U0056,Chelsea,Everton,1,1
M3,16,U0056,U0056,Burnley,Fulham,0,1
M4,16,U0056,U0056,Arsenal,Wolverhampton,3,1
M5,16,U0056,U0056,Crystal Palace,Manchester City,1,1
M6,16,U0056,U0056,Nottingham Forest,Tottenham,0,2
M7,16,U0056,U0056,West Ham,Aston Villa,0,2
M8,16,U0056,U0056,Sunderland,Newcastle,1,1
M9,16,U0056,U0056,Brentford,Leeds,2,1
M10,16,U0056,U0056,Manchester United,Bournemouth,1,0
M1,16,U0027,–°–µ—Ä–≥—ñ–π –ì–∞–º–æ–ª—è,Liverpool,Brighton,2,0
M2,16,U0027,–°–µ—Ä–≥—ñ–π –ì–∞–º–æ–ª—è,Chelsea,Everton,3,1
M3,16,U0027,–°–µ—Ä–≥—ñ–π –ì–∞–º–æ–ª—è,Burnley,Fulham,0,0
M4,16,U0027,–°–µ—Ä–≥—ñ–π –ì–∞–º–æ–ª—è,Arsenal,Wolverhampton,2,0
M5,16,U0027,–°–µ—Ä–≥—ñ–π –ì–∞–º–æ–ª—è,Crystal Palace,Manchester City,0,3
M6,16,U0027,–°–µ—Ä–≥—ñ–π –ì–∞–º–æ–ª—è,Nottingham Forest,Tottenham,1,2
M7,16,U0027,–°–µ—Ä–≥—ñ–π –ì–∞–º–æ–ª—è,West Ham,Aston Villa,1,1
M8,16,U0027,–°–µ—Ä–≥—ñ–π –ì–∞–º–æ–ª—è,Sunderland,Newcastle,1,2
M9,16,U0027,–°–µ—Ä–≥—ñ–π –ì–∞–º–æ–ª—è,Brentford,Leeds,2,0
M10,16,U0027,–°–µ—Ä–≥—ñ–π –ì–∞–º–æ–ª—è,Manchester United,Bournemouth,2,1
M1,16,U0052,–ê–Ω–¥—Ä—é—Ö–∞ 44,Liverpool,Brighton,2,0
M2,16,U0052,–ê–Ω–¥—Ä—é—Ö–∞ 44,Chelsea,Everton,2,0
M3,16,U0052,–ê–Ω–¥—Ä—é—Ö–∞ 44,Burnley,Fulham,0,3
M4,16,U0052,–ê–Ω–¥—Ä—é—Ö–∞ 44,Arsenal,Wolverhampton,3,0
M5,16,U0052,–ê–Ω–¥—Ä—é—Ö–∞ 44,Crystal Palace,Manchester City,1,2
M6,16,U0052,–ê–Ω–¥—Ä—é—Ö–∞ 44,Nottingham Forest,Tottenham,1,2
M7,16,U0052,–ê–Ω–¥—Ä—é—Ö–∞ 44,West Ham,Aston Villa,1,3
M8,16,U0052,–ê–Ω–¥—Ä—é—Ö–∞ 44,Sunderland,Newcastle,2,1
M9,16,U0052,–ê–Ω–¥—Ä—é—Ö–∞ 44,Brentford,Leeds,3,0
M10,16,U0052,–ê–Ω–¥—Ä—é—Ö–∞ 44,Manchester United,Bournemouth,3,0
M1,16,U0096,–í–∏–∫—Ç–æ—Ä –ñ–∏–≥—É–ª–∏–Ω,Liverpool,Brighton,3,1
M2,16,U0096,–í–∏–∫—Ç–æ—Ä –ñ–∏–≥—É–ª–∏–Ω,Chelsea,Everton,2,1
M3,16,U0096,–í–∏–∫—Ç–æ—Ä –ñ–∏–≥—É–ª–∏–Ω,Burnley,Fulham,1,1
M4,16,U0096,–í–∏–∫—Ç–æ—Ä –ñ–∏–≥—É–ª–∏–Ω,Arsenal,Wolverhampton,3,0
M5,16,U0096,–í–∏–∫—Ç–æ—Ä –ñ–∏–≥—É–ª–∏–Ω,Crystal Palace,Manchester City,1,2
M6,16,U0096,–í–∏–∫—Ç–æ—Ä –ñ–∏–≥—É–ª–∏–Ω,Nottingham Forest,Tottenham,2,1
M7,16,U0096,–í–∏–∫—Ç–æ—Ä –ñ–∏–≥—É–ª–∏–Ω,West Ham,Aston Villa,0,2
M8,16,U0096,–í–∏–∫—Ç–æ—Ä –ñ–∏–≥—É–ª–∏–Ω,Sunderland,Newcastle,0,1
M9,16,U0096,–í–∏–∫—Ç–æ—Ä –ñ–∏–≥—É–ª–∏–Ω,Brentford,Leeds,2,2
M10,16,U0096,–í–∏–∫—Ç–æ—Ä –ñ–∏–≥—É–ª–∏–Ω,Manchester United,Bournemouth,2,1
M1,16,U0073,Nikita,Liverpool,Brighton,2,0
M2,16,U0073,Nikita,Chelsea,Everton,2,1
M3,16,U0073,Nikita,Burnley,Fulham,0,2
M4,16,U0073,Nikita,Arsenal,Wolverhampton,3,0
M5,16,U0073,Nikita,Crystal Palace,Manchester City,1,3
M6,16,U0073,Nikita,Nottingham Forest,Tottenham,1,3
M7,16,U0073,Nikita,West Ham,Aston Villa,0,2
M8,16,U0073,Nikita,Sunderland,Newcastle,1,3
M9,16,U0073,Nikita,Brentford,Leeds,2,1
M10,16,U0073,Nikita,Manchester United,Bournemouth,2,0
M1,16,U0059,–ê–ª–µ–∫—Å–µ–π,Liverpool,Brighton,2,1
M2,16,U0059,–ê–ª–µ–∫—Å–µ–π,Chelsea,Everton,2,0
M3,16,U0059,–ê–ª–µ–∫—Å–µ–π,Burnley,Fulham,1,0
M4,16,U0059,–ê–ª–µ–∫—Å–µ–π,Arsenal,Wolverhampton,4,0
M5,16,U0059,–ê–ª–µ–∫—Å–µ–π,Crystal Palace,Manchester City,1,3
M6,16,U0059,–ê–ª–µ–∫—Å–µ–π,Nottingham Forest,Tottenham,1,2
M7,16,U0059,–ê–ª–µ–∫—Å–µ–π,West Ham,Aston Villa,0,2
M8,16,U0059,–ê–ª–µ–∫—Å–µ–π,Sunderland,Newcastle,1,2
M9,16,U0059,–ê–ª–µ–∫—Å–µ–π,Brentford,Leeds,2,0
M10,16,U0059,–ê–ª–µ–∫—Å–µ–π,Manchester United,Bournemouth,2,0
M1,16,U0072,–û–ª–µ–≥ –ú–æ—Å–∫–∞–ª—å–æ–≤,Liverpool,Brighton,2,1
M2,16,U0072,–û–ª–µ–≥ –ú–æ—Å–∫–∞–ª—å–æ–≤,Chelsea,Everton,2,0
M3,16,U0072,–û–ª–µ–≥ –ú–æ—Å–∫–∞–ª—å–æ–≤,Burnley,Fulham,1,0
M4,16,U0072,–û–ª–µ–≥ –ú–æ—Å–∫–∞–ª—å–æ–≤,Arsenal,Wolverhampton,2,0
M5,16,U0072,–û–ª–µ–≥ –ú–æ—Å–∫–∞–ª—å–æ–≤,Crystal Palace,Manchester City,1,2
M6,16,U0072,–û–ª–µ–≥ –ú–æ—Å–∫–∞–ª—å–æ–≤,Nottingham Forest,Tottenham,1,2
M7,16,U0072,–û–ª–µ–≥ –ú–æ—Å–∫–∞–ª—å–æ–≤,West Ham,Aston Villa,1,2
M8,16,U0072,–û–ª–µ–≥ –ú–æ—Å–∫–∞–ª—å–æ–≤,Sunderland,Newcastle,1,2
M9,16,U0072,–û–ª–µ–≥ –ú–æ—Å–∫–∞–ª—å–æ–≤,Brentford,Leeds,1,2
M10,16,U0072,–û–ª–µ–≥ –ú–æ—Å–∫–∞–ª—å–æ–≤,Manchester United,Bournemouth,2,1
M1,16,U0061,–î–º–∏—Ç—Ä–æ,Liverpool,Brighton,1,2
M2,16,U0061,–î–º–∏—Ç—Ä–æ,Chelsea,Everton,2,1
M3,16,U0061,–î–º–∏—Ç—Ä–æ,Burnley,Fulham,0,2
M4,16,U0061,–î–º–∏—Ç—Ä–æ,Arsenal,Wolverhampton,3,0
M5,16,U0061,–î–º–∏—Ç—Ä–æ,Crystal Palace,Manchester City,1,3
M6,16,U0061,–î–º–∏—Ç—Ä–æ,Nottingham Forest,Tottenham,0,1
M7,16,U0061,–î–º–∏—Ç—Ä–æ,West Ham,Aston Villa,0,3
M8,16,U0061,–î–º–∏—Ç—Ä–æ,Sunderland,Newcastle,2,1
M9,16,U0061,–î–º–∏—Ç—Ä–æ,Brentford,Leeds,1,1
M10,16,U0061,–î–º–∏—Ç—Ä–æ,Manchester United,Bournemouth,3,1
M1,16,U0024,–ú–∞–∫—Å–∏–º Sliusar,Liverpool,Brighton,2,1
M2,16,U0024,–ú–∞–∫—Å–∏–º Sliusar,Chelsea,Everton,1,0
M3,16,U0024,–ú–∞–∫—Å–∏–º Sliusar,Burnley,Fulham,0,2
M4,16,U0024,–ú–∞–∫—Å–∏–º Sliusar,Arsenal,Wolverhampton,2,0
M5,16,U0024,–ú–∞–∫—Å–∏–º Sliusar,Crystal Palace,Manchester City,1,3
M6,16,U0024,–ú–∞–∫—Å–∏–º Sliusar,Nottingham Forest,Tottenham,1,1
M7,16,U0024,–ú–∞–∫—Å–∏–º Sliusar,West Ham,Aston Villa,1,2
M8,16,U0024,–ú–∞–∫—Å–∏–º Sliusar,Sunderland,Newcastle,2,1
M9,16,U0024,–ú–∞–∫—Å–∏–º Sliusar,Brentford,Leeds,2,1
M10,16,U0024,–ú–∞–∫—Å–∏–º Sliusar,Manchester United,Bournemouth,3,1
M1,16,U0019,–ê–Ω–¥,Liverpool,Brighton,2,1
M2,16,U0019,–ê–Ω–¥,Chelsea,Everton,2,1
M3,16,U0019,–ê–Ω–¥,Burnley,Fulham,1,2
M4,16,U0019,–ê–Ω–¥,Arsenal,Wolverhampton,4,0
M5,16,U0019,–ê–Ω–¥,Crystal Palace,Manchester City,1,2
M6,16,U0019,–ê–Ω–¥,Nottingham Forest,Tottenham,1,2
M7,16,U0019,–ê–Ω–¥,West Ham,Aston Villa,0,2
M8,16,U0019,–ê–Ω–¥,Sunderland,Newcastle,1,2
M9,16,U0019,–ê–Ω–¥,Brentford,Leeds,2,1
M10,16,U0019,–ê–Ω–¥,Manchester United,Bournemouth,1,1
M1,16,U0044,Max–°–ø—ñ–ª—å–Ω–æ—Ç–∞,Liverpool,Brighton,2,0
M2,16,U0044,Max–°–ø—ñ–ª—å–Ω–æ—Ç–∞,Chelsea,Everton,3,1
M3,16,U0044,Max–°–ø—ñ–ª—å–Ω–æ—Ç–∞,Burnley,Fulham,0,1
M4,16,U0044,Max–°–ø—ñ–ª—å–Ω–æ—Ç–∞,Arsenal,Wolverhampton,4,2
M5,16,U0044,Max–°–ø—ñ–ª—å–Ω–æ—Ç–∞,Crystal Palace,Manchester City,1,2
M6,16,U0044,Max–°–ø—ñ–ª—å–Ω–æ—Ç–∞,Nottingham Forest,Tottenham,0,2
M7,16,U0044,Max–°–ø—ñ–ª—å–Ω–æ—Ç–∞,West Ham,Aston Villa,1,3
M8,16,U0044,Max–°–ø—ñ–ª—å–Ω–æ—Ç–∞,Sunderland,Newcastle,2,3
M9,16,U0044,Max–°–ø—ñ–ª—å–Ω–æ—Ç–∞,Brentford,Leeds,2,1
M10,16,U0044,Max–°–ø—ñ–ª—å–Ω–æ—Ç–∞,Manchester United,Bournemouth,4,1
M1,16,U0090,–ü–µ—Ç—Ä–æ–≤ –†–æ–º–∞–Ω,Liverpool,Brighton,1,1
M2,16,U0090,–ü–µ—Ç—Ä–æ–≤ –†–æ–º–∞–Ω,Chelsea,Everton,3,1
M3,16,U0090,–ü–µ—Ç—Ä–æ–≤ –†–æ–º–∞–Ω,Burnley,Fulham,1,1
M4,16,U0090,–ü–µ—Ç—Ä–æ–≤ –†–æ–º–∞–Ω,Arsenal,Wolverhampton,3,1
M5,16,U0090,–ü–µ—Ç—Ä–æ–≤ –†–æ–º–∞–Ω,Crystal Palace,Manchester City,2,3
M6,16,U0090,–ü–µ—Ç—Ä–æ–≤ –†–æ–º–∞–Ω,Nottingham Forest,Tottenham,1,2
M7,16,U0090,–ü–µ—Ç—Ä–æ–≤ –†–æ–º–∞–Ω,West Ham,Aston Villa,1,1
M8,16,U0090,–ü–µ—Ç—Ä–æ–≤ –†–æ–º–∞–Ω,Sunderland,Newcastle,1,1
M9,16,U0090,–ü–µ—Ç—Ä–æ–≤ –†–æ–º–∞–Ω,Brentford,Leeds,1,1
M10,16,U0090,–ü–µ—Ç—Ä–æ–≤ –†–æ–º–∞–Ω,Manchester United,Bournemouth,3,1
M1,16,U0125,–°–≤—ñ—Ç–ª–∞–Ω–∞ –ü–Ü–¢–ï–¶–¨–ö–ê,Liverpool,Brighton,2,1
M2,16,U0125,–°–≤—ñ—Ç–ª–∞–Ω–∞ –ü–Ü–¢–ï–¶–¨–ö–ê,Chelsea,Everton,2,1
M3,16,U0125,–°–≤—ñ—Ç–ª–∞–Ω–∞ –ü–Ü–¢–ï–¶–¨–ö–ê,Burnley,Fulham,1,2
M4,16,U0125,–°–≤—ñ—Ç–ª–∞–Ω–∞ –ü–Ü–¢–ï–¶–¨–ö–ê,Arsenal,Wolverhampton,3,1
M5,16,U0125,–°–≤—ñ—Ç–ª–∞–Ω–∞ –ü–Ü–¢–ï–¶–¨–ö–ê,Crystal Palace,Manchester City,1,3
M6,16,U0125,–°–≤—ñ—Ç–ª–∞–Ω–∞ –ü–Ü–¢–ï–¶–¨–ö–ê,Nottingham Forest,Tottenham,1,1
M7,16,U0125,–°–≤—ñ—Ç–ª–∞–Ω–∞ –ü–Ü–¢–ï–¶–¨–ö–ê,West Ham,Aston Villa,1,2
M8,16,U0125,–°–≤—ñ—Ç–ª–∞–Ω–∞ –ü–Ü–¢–ï–¶–¨–ö–ê,Sunderland,Newcastle,1,2
M9,16,U0125,–°–≤—ñ—Ç–ª–∞–Ω–∞ –ü–Ü–¢–ï–¶–¨–ö–ê,Brentford,Leeds,3,2
M10,16,U0125,–°–≤—ñ—Ç–ª–∞–Ω–∞ –ü–Ü–¢–ï–¶–¨–ö–ê,Manchester United,Bournemouth,2,1
M1,16,U0003,–í–∏—Ç–∞–ª–∏–π,Liverpool,Brighton,2,1
M2,16,U0003,–í–∏—Ç–∞–ª–∏–π,Chelsea,Everton,2,1
M3,16,U0003,–í–∏—Ç–∞–ª–∏–π,Burnley,Fulham,1,1
M4,16,U0003,–í–∏—Ç–∞–ª–∏–π,Arsenal,Wolverhampton,3,0
M5,16,U0003,–í–∏—Ç–∞–ª–∏–π,Crystal Palace,Manchester City,1,2
M6,16,U0003,–í–∏—Ç–∞–ª–∏–π,Nottingham Forest,Tottenham,1,2
M7,16,U0003,–í–∏—Ç–∞–ª–∏–π,West Ham,Aston Villa,1,2
M8,16,U0003,–í–∏—Ç–∞–ª–∏–π,Sunderland,Newcastle,2,2
M9,16,U0003,–í–∏—Ç–∞–ª–∏–π,Brentford,Leeds,2,1
M10,16,U0003,–í–∏—Ç–∞–ª–∏–π,Manchester United,Bournemouth,2,1
M1,16,U0012,Shalamay Volodymyr,Liverpool,Brighton,3,2
M2,16,U0012,Shalamay Volodymyr,Chelsea,Everton,2,1
M3,16,U0012,Shalamay Volodymyr,Burnley,Fulham,1,1
M4,16,U0012,Shalamay Volodymyr,Arsenal,Wolverhampton,3,0
M5,16,U0012,Shalamay Volodymyr,Crystal Palace,Manchester City,2,3
M6,16,U0012,Shalamay Volodymyr,Nottingham Forest,Tottenham,0,1
M7,16,U0012,Shalamay Volodymyr,West Ham,Aston Villa,1,2
M8,16,U0012,Shalamay Volodymyr,Sunderland,Newcastle,2,2
M9,16,U0012,Shalamay Volodymyr,Brentford,Leeds,3,1
M10,16,U0012,Shalamay Volodymyr,Manchester United,Bournemouth,2,1
M1,16,U0001,Mashka,Liverpool,Brighton,2,0
M2,16,U0001,Mashka,Chelsea,Everton,2,1
M3,16,U0001,Mashka,Burnley,Fulham,1,2
M4,16,U0001,Mashka,Arsenal,Wolverhampton,2,0
M5,16,U0001,Mashka,Crystal Palace,Manchester City,0,2
M6,16,U0001,Mashka,Nottingham Forest,Tottenham,0,1
M7,16,U0001,Mashka,West Ham,Aston Villa,1,2
M8,16,U0001,Mashka,Sunderland,Newcastle,2,1
M9,16,U0001,Mashka,Brentford,Leeds,2,0
M10,16,U0001,Mashka,Manchester United,Bournemouth,3,1
M1,16,U0093,–í–ª–∞–¥üêÆ,Liverpool,Brighton,2,1
M2,16,U0093,–í–ª–∞–¥üêÆ,Chelsea,Everton,2,0
M3,16,U0093,–í–ª–∞–¥üêÆ,Burnley,Fulham,1,2
M4,16,U0093,–í–ª–∞–¥üêÆ,Arsenal,Wolverhampton,3,0
M5,16,U0093,–í–ª–∞–¥üêÆ,Crystal Palace,Manchester City,1,2
M6,16,U0093,–í–ª–∞–¥üêÆ,Nottingham Forest,Tottenham,2,2
M7,16,U0093,–í–ª–∞–¥üêÆ,West Ham,Aston Villa,1,3
M8,16,U0093,–í–ª–∞–¥üêÆ,Sunderland,Newcastle,1,3
M9,16,U0093,–í–ª–∞–¥üêÆ,Brentford,Leeds,2,0
M1,16,U0022,–û–ª–µ–≥ Lemberg,Liverpool,Brighton,2,0
M2,16,U0022,–û–ª–µ–≥ Lemberg,Chelsea,Everton,2,1
M3,16,U0022,–û–ª–µ–≥ Lemberg,Burnley,Fulham,1,2
M4,16,U0022,–û–ª–µ–≥ Lemberg,Arsenal,Wolverhampton,3,0
M5,16,U0022,–û–ª–µ–≥ Lemberg,Crystal Palace,Manchester City,1,2
M6,16,U0022,–û–ª–µ–≥ Lemberg,Nottingham Forest,Tottenham,1,2
M7,16,U0022,–û–ª–µ–≥ Lemberg,West Ham,Aston Villa,1,2
M8,16,U0022,–û–ª–µ–≥ Lemberg,Sunderland,Newcastle,1,2
M9,16,U0022,–û–ª–µ–≥ Lemberg,Brentford,Leeds,2,1
M10,16,U0022,–û–ª–µ–≥ Lemberg,Manchester United,Bournemouth,2,1
